{"tax_rate":0.07,"input_prices":[1230,92323,2232,1231],"tax_included_prices":{"1230.00":1316.1000000000001,"1231.00":1317.17,"2232.00":2388.2400000000002,"92323.00":98785.61}}
