{"tax_rate":0.15,"input_prices":[1230,92323,2232,1231],"tax_included_prices":{"1230.00":1414.5,"1231.00":1415.6499999999999,"2232.00":2566.7999999999997,"92323.00":106171.45}}
