{"tax_rate":0.1,"input_prices":[1230,92323,2232,1231],"tax_included_prices":{"1230.00":1353,"1231.00":1354.1000000000001,"2232.00":2455.2000000000003,"92323.00":101555.3}}
